{"cameraMode":{"drawMode":0,"name":"Shaded","section":"Shading Mode"},"sceneLighting":true,"audioPlay":false,"sceneViewState":{"showFog":true,"showMaterialUpdate":false,"showSkybox":true,"showFlares":true,"showImageEffects":true,"showParticleSystems":true},"in2DMode":false,"pivot":{"x":4.605724334716797,"y":-7.0430450439453129,"z":13.642898559570313},"rotation":{"x":-0.3785674273967743,"y":0.2747580111026764,"z":-0.12010832875967026,"w":-0.8759512305259705},"size":54.673892974853519,"orthographic":false}